id;conjugation_type;romanji_text;kanji_text;verb_id
5;te;shite;して;1
6;masu;shimasu;します;1
7;nai;shinai;しない;1
8;volitional;shiyou;しよう;1
9;ta;shita;した;1
10;provisional;sureba;すれば;1
11;negative_provisional;shinakereba;しなければ;1
12;potential;dekiru;できる;1
13;negative_potential;dekinai;できない;1
18;te;kite;来て;14
19;masu;kimasu;来ます;14
20;nai;konai;来ない;14
21;volitional;koyou;来よう;14
22;ta;kita;来た;14
23;provisional;kureba;来れば;14
24;negative_provisional;konakereba;来なければ;14
25;potential;korareru;来られる;14
26;negative_potential;korarenai;来られない;14
29;te;itte;行って;27
30;masu;ikimasu;行きます;27
31;nai;ikanai;行かない;27
32;volitional;ikou;行こう;27
33;ta;itta;行った;27
34;provisional;ikeba;行けば;27
35;negative_provisional;ikanakereba;行かなければ;27
36;potential;ikeru;行ける;27
37;negative_potential;ikenai;行けない;27
40;te;yonde;読んで;38
41;masu;yomimasu;読みます;38
42;nai;yomanai;読まない;38
43;volitional;yomou;読もう;38
44;ta;yonda;読んだ;38
45;provisional;yomeba;読めば;38
46;negative_provisional;yomanakereba;読まなければ;38
47;potential;yomeru;読める;38
48;negative_potential;yomenai;読めない;38
51;te;tabete;食べて;49
52;masu;tabemasu;食べます;49
53;nai;tabenai;食べない;49
54;volitional;tabeyou;食べよう;49
55;ta;tabeta;食べた;49
56;provisional;tabereba;食べれば;49
57;negative_provisional;tabenakereba;食べなければ;49
58;potential;taberareru;食べられる;49
59;negative_potential;taberarenai;食べられない;49
62;te;oyoide;泳いで;60
63;masu;oyogimasu;泳ぎます;60
64;nai;oyoganai;泳がない;60
65;volitional;oyogou;泳ご;60
66;ta;oyoida;泳いだ;60
67;provisional;oyogeba;泳げば;60
68;negative_provisional;oyoganakereba;泳がなければ;60
69;potential;oyogeru;泳げる;60
70;negative_potential;oyogenai;泳げない;60
73;te;kaite;書いて;71
74;masu;kakimasu;書きます;71
75;nai;kakanai;書かない;71
76;volitional;kakou;書こう;71
77;ta;kaita;書いた;71
78;provisional;kakeba;書けば;71
79;negative_provisional;kakanakereba;書かなければ;71
80;potential;kakeru;書ける;71
81;negative_potential;kakenai;書けない;71
84;te;nonde;飲んで;82
85;masu;nomimasu;飲みます;82
86;nai;nomanai;飲まない;82
87;volitional;nomou;飲もう;82
88;ta;nonda;飲んだ;82
89;provisional;nomeba;飲めば;82
90;negative_provisional;nomanakereba;飲まなければ;82
91;potential;nomeru;飲める;82
92;negative_potential;nomenai;飲めない;82
95;te;mite;見て;93
96;masu;mimasu;見ます;93
97;nai;minai;見ない;93
98;volitional;miyou;見よう;93
99;ta;mita;見た;93
100;provisional;mireba;見れば;93
101;negative_provisional;minakereba;見なければ;93
102;potential;mirareru;見られる;93
103;negative_potential;mirarenai;見られない;93
106;te;kiite;聞いて;104
107;masu;kikimasu;聞きます;104
108;nai;kikanai;聞かない;104
109;volitional;kikou;聞こう;104
110;ta;kiita;聞いた;104
111;provisional;kikeba;聞けば;104
112;negative_provisional;kikanakereba;聞かなければ;104
113;potential;kikeru;聞ける;104
114;negative_potential;kikenai;聞けない;104
117;te;watashite;渡して;115
118;masu;watashimasu;渡します;115
119;nai;watasanai;渡さない;115
120;volitional;watasou;渡そう;115
121;ta;watashita;渡した;115
122;provisional;wataseba;渡せば;115
123;negative_provisional;watasanakereba;渡さなければ;115
124;potential;wataseru;渡せる;115
125;negative_potential;watasenai;渡せない;115
129;te;sutte;吸って;126
130;masu;suimasu;吸います;126
131;nai;suwanai;吸わない;126
132;volitional;suou;吸おう;126
133;ta;sutta;吸った;126
134;provisional;sueba;吸えば;126
135;negative_provisional;suwanakereba;吸わなければ;126
136;potential;sueru;吸える;126
137;negative_potential;suenai;吸えない;126
141;te;kiete;消えて;138
142;masu;kiemasu;消えます;138
143;nai;kienai;消えない;138
144;volitional;kieyou;消えよう;138
145;ta;kieta;消えた;138
146;provisional;kiereba;消えれば;138
147;negative_provisional;kienakereba;消えなければ;138
148;potential;kierareru;消えられる;138
149;negative_potential;kierarenai;消えられない;138
152;te;tsutomete;勤めて;150
153;masu;tsutomemasu;勤めます;150
154;nai;tsutomenai;勤めない;150
155;volitional;tsutomeyou;勤めよう;150
156;ta;tsutometa;勤めた;150
157;provisional;tsutomereba;勤めれば;150
158;negative_provisional;tsutomenakereba;勤めなければ;150
159;potential;tsutomerareru;勤められる;150
160;negative_potential;tsutomerarenai;勤められない;150
164;te;migaite;磨いて;161
165;masu;migakimasu;磨きます;161
166;nai;migakanai;磨かない;161
167;volitional;migakou;磨こう;161
168;ta;migaita;磨いた;161
169;provisional;migakeba;磨けば;161
170;negative_provisional;migakanakereba;磨かなければ;161
171;potential;migakeru;磨ける;161
172;negative_potential;migakenai;磨けない;161
175;te;karite;借りて;173
176;masu;karimasu;借ります;173
177;nai;karinai;借りない;173
178;volitional;kariyou;借りよう;173
179;ta;karita;借りた;173
180;provisional;karireba;借りれば;173
181;negative_provisional;karinakereba;借りなければ;173
182;potential;karirareru;借りられる;173
183;negative_potential;karirarenai;借りられない;173
186;te;tomatte;止まって;184
187;masu;tomarimasu;止まります;184
188;nai;tomaranai;止まらない;184
189;volitional;tomarou;止まろう;184
190;ta;tomatta;止まった;184
191;provisional;tomareba;止まれば;184
192;negative_provisional;tomaranakereba;止まらなければ;184
193;potential;tomareru;止まれる;184
194;negative_potential;tomarenai;止まれない;184
197;te;haite;履いて;195
198;masu;hakimasu;履きます;195
199;nai;hakanai;履かない;195
200;volitional;hakou;履こう;195
201;ta;haita;履いた;195
202;provisional;hakeba;履けば;195
203;negative_provisional;hakanakereba;履かなければ;195
204;potential;hakeru;履ける;195
205;negative_potential;hakenai;履けない;195
208;te;aruite;歩いて;206
209;masu;arukimasu;歩きます;206
210;nai;arukanai;歩かない;206
211;volitional;arukou;歩こう;206
212;ta;aruita;歩いた;206
213;provisional;arukeba;歩けば;206
214;negative_provisional;arukanakereba;歩かなければ;206
215;potential;arukeru;歩ける;206
216;negative_potential;arukenai;歩けない;206
219;te;aratte;洗って;217
220;masu;araimasu;洗います;217
221;nai;arawanai;洗わない;217
222;volitional;araou;洗おう;217
223;ta;aratta;洗った;217
224;provisional;araeba;洗えば;217
225;negative_provisional;arawanakereba;洗わなければ;217
226;potential;araeru;洗える;217
227;negative_potential;araenai;洗えない;217
230;te;magatte;曲がって;228
231;masu;magarimasu;曲がります;228
232;nai;magaranai;曲がらない;228
233;volitional;magarou;曲がろう;228
234;ta;magatta;曲がった;228
235;provisional;magareba;曲がれば;228
236;negative_provisional;magaranakereba;曲がらなければ;228
237;potential;magareru;曲がれる;228
238;negative_potential;magarenai;曲がれない;228
241;te;kitte;切って;239
242;masu;kirimasu;切ります;239
243;nai;kiranai;切らない;239
244;volitional;kirou;切ろう;239
245;ta;kitta;切った;239
246;provisional;kireba;切れば;239
247;negative_provisional;kiranakereba;切らなければ;239
248;potential;kireru;切れる;239
249;negative_potential;kirenai;切れない;239
252;te;tsukatte;使って;250
253;masu;tsukaimasu;使います;250
254;nai;tsukawanai;使わない;250
255;volitional;tsukaou;使おう;250
256;ta;tsukatta;使った;250
257;provisional;tsukaeba;使えば;250
258;negative_provisional;tsukawanakereba;使わなければ;250
259;potential;tsukaeru;使える;250
260;negative_potential;tsukaenai;使えない;250
263;te;nobotte;登って;261
264;masu;noborimasu;登ります;261
265;nai;noboranai;登らない;261
266;volitional;noborou;登ろう;261
267;ta;nobotta;登った;261
268;provisional;noboreba;登れば;261
269;negative_provisional;noboranakereba;登らなければ;261
270;potential;noboreru;登れる;261
271;negative_potential;noborenai;登れない;261
275;te;wakatte;分かって;272
276;masu;wakarimasu;分かります;272
277;nai;wakaranai;分からない;272
278;volitional;wakarou;分かろう;272
279;ta;wakatta;分かった;272
280;provisional;wakareba;分かれば;272
281;negative_provisional;wakaranakereba;分からなければ;272
282;potential;wakareru;分かれる;272
283;negative_potential;wakarenai;分かれない;272
286;te;utte;売って;284
287;masu;urimasu;売ります;284
288;nai;uranai;売らない;284
289;volitional;urou;売ろう;284
290;ta;utta;売った;284
291;provisional;ureba;売れば;284
292;negative_provisional;uranakereba;売らなければ;284
293;potential;ureru;売れる;284
294;negative_potential;urenai;売れない;284
297;te;te;点けて;295
298;masu;masu;点けます;295
299;nai;nai;点けない;295
300;volitional;you;点けよう;295
301;ta;ta;点けた;295
302;provisional;tsukerueba;点ければ;295
303;negative_provisional;nakereba;点けなければ;295
304;potential;rareru;点けられる;295
305;negative_potential;rarenai;点けられない;295
308;te;umarete;生まれて;306
309;masu;umaremasu;生まれます;306
310;nai;umarenai;生まれない;306
311;volitional;umareyou;生まれよう;306
312;ta;umareta;生まれた;306
313;provisional;umarereba;生まれれば;306
314;negative_provisional;umarenakereba;生まれなければ;306
315;potential;umarerareru;生まれられる;306
316;negative_potential;umarerarenai;生まれられない;306
319;te;chigatte;違って;317
320;masu;chigaimasu;違います;317
321;nai;chigawanai;違わない;317
322;volitional;chigaou;違おう;317
323;ta;chigatta;違った;317
324;provisional;chigaeba;違えば;317
325;negative_provisional;chigawanakereba;違わなければ;317
326;potential;chigaeru;違える;317
327;negative_potential;chigaenai;違えない;317
330;te;dekakete;出かけて;328
331;masu;dekakemasu;出かけます;328
332;nai;dekakenai;出かけない;328
333;volitional;dekakeyou;出かけよう;328
334;ta;dekaketa;出かけた;328
335;provisional;dekakereba;出かければ;328
336;negative_provisional;dekakenakereba;出かけなければ;328
337;potential;dekakerareru;出かけられる;328
338;negative_potential;dekakerarenai;出かけられない;328
341;te;te;疲れて;339
342;masu;masu;疲れます;339
343;nai;nai;疲れない;339
344;volitional;you;疲れよう;339
345;ta;ta;疲れた;339
346;provisional;tsukarerueba;疲れれば;339
347;negative_provisional;nakereba;疲れなければ;339
348;potential;rareru;疲れられる;339
349;negative_potential;rarenai;疲れられない;339
352;te;oshite;押して;350
353;masu;oshimasu;押します;350
354;nai;osanai;押さない;350
355;volitional;osou;押そう;350
356;ta;oshita;押した;350
357;provisional;oseba;押せば;350
358;negative_provisional;osanakereba;押さなければ;350
359;potential;oseru;押せる;350
360;negative_potential;osenai;押せない;350
364;te;okite;起きて;361
365;masu;okimasu;起きます;361
366;nai;okinai;起きない;361
367;volitional;okiyou;起きよう;361
368;ta;okita;起きた;361
369;provisional;okireba;起きれば;361
370;negative_provisional;okinakereba;起きなければ;361
371;potential;okirareru;起きられる;361
372;negative_potential;okirarenai;起きられない;361
375;te;narande;並んで;373
376;masu;narabimasu;並びます;373
377;nai;narabanai;並ばない;373
378;volitional;narabou;並ぼ;373
379;ta;naranda;並んだ;373
380;provisional;narabeba;並べば;373
381;negative_provisional;narabanakereba;並ばなければ;373
382;potential;naraberu;並べる;373
383;negative_potential;narabenai;並べない;373
386;te;harete;晴れて;384
387;masu;haremasu;晴れます;384
388;nai;harenai;晴れない;384
389;volitional;hareyou;晴れよう;384
390;ta;hareta;晴れた;384
391;provisional;harereba;晴れれば;384
392;negative_provisional;harenakereba;晴れなければ;384
393;potential;harerareru;晴れられる;384
394;negative_potential;harerarenai;晴れられない;384
397;te;tatte;立って;395
398;masu;tachimasu;立ちます;395
399;nai;tatanai;立たない;395
400;volitional;tatou;立とう;395
401;ta;tatta;立った;395
402;provisional;tateba;立てば;395
403;negative_provisional;tatanakereba;立たなければ;395
404;potential;tateru;立てる;395
405;negative_potential;tatenai;立てない;395
408;te;yonde;呼んで;406
409;masu;yobimasu;呼びます;406
410;nai;yobanai;呼ばない;406
411;volitional;yobou;呼ぼ;406
412;ta;yonda;呼んだ;406
413;provisional;yobeba;呼べば;406
414;negative_provisional;yobanakereba;呼ばなければ;406
415;potential;yoberu;呼べる;406
416;negative_potential;yobenai;呼べない;406
420;te;hatte;張って;417
421;masu;harimasu;張ります;417
422;nai;haranai;張らない;417
423;volitional;harou;張ろう;417
424;ta;hatta;張った;417
425;provisional;hareba;張れば;417
426;negative_provisional;haranakereba;張らなければ;417
427;potential;hareru;張れる;417
428;negative_potential;harenai;張れない;417
431;te;yasunde;休んで;429
432;masu;yasumimasu;休みます;429
433;nai;yasumanai;休まない;429
434;volitional;yasumou;休もう;429
435;ta;yasunda;休んだ;429
436;provisional;yasumeba;休めば;429
437;negative_provisional;yasumanakereba;休まなければ;429
438;potential;yasumeru;休める;429
439;negative_potential;yasumenai;休めない;429
443;te;motte;持って;440
444;masu;mochimasu;持ちます;440
445;nai;motanai;持たない;440
446;volitional;motou;持とう;440
447;ta;motta;持った;440
448;provisional;moteba;持てば;440
449;negative_provisional;motanakereba;持たなければ;440
450;potential;moteru;持てる;440
451;negative_potential;motenai;持てない;440
455;te;itte;言って;452
456;masu;iimasu;言います;452
457;nai;iwanai;言わない;452
458;volitional;iou;言おう;452
459;ta;itta;言った;452
460;provisional;ieba;言えば;452
461;negative_provisional;iwanakereba;言わなければ;452
462;potential;ieru;言える;452
463;negative_potential;ienai;言えない;452
467;te;futte;降って;464
468;masu;furimasu;降ります;464
469;nai;furanai;降らない;464
470;volitional;furou;降ろう;464
471;ta;futta;降った;464
472;provisional;fureba;降れば;464
473;negative_provisional;furanakereba;降らなければ;464
474;potential;fureru;降れる;464
475;negative_potential;furenai;降れない;464
478;te;dekite;出来て;476
479;masu;dekimasu;出来ます;476
480;nai;dekinai;出来ない;476
481;volitional;dekiyou;出来よう;476
482;ta;dekita;出来た;476
483;provisional;dekireba;出来れば;476
484;negative_provisional;dekinakereba;出来なければ;476
485;potential;dekirareru;出来られる;476
486;negative_potential;dekirarenai;出来られない;476
490;te;notte;乗って;487
491;masu;norimasu;乗ります;487
492;nai;noranai;乗らない;487
493;volitional;norou;乗ろう;487
494;ta;notta;乗った;487
495;provisional;noreba;乗れば;487
496;negative_provisional;noranakereba;乗らなければ;487
497;potential;noreru;乗れる;487
498;negative_potential;norenai;乗れない;487
502;te;hajimatte;始まって;499
503;masu;hajimarimasu;始まります;499
504;nai;hajimaranai;始まらない;499
505;volitional;hajimarou;始まろう;499
506;ta;hajimatta;始まった;499
507;provisional;hajimareba;始まれば;499
508;negative_provisional;hajimaranakereba;始まらなければ;499
509;potential;hajimareru;始まれる;499
510;negative_potential;hajimarenai;始まれない;499
513;te;shimete;閉めて;511
514;masu;shimemasu;閉めます;511
515;nai;shimenai;閉めない;511
516;volitional;shimeyou;閉めよう;511
517;ta;shimeta;閉めた;511
518;provisional;shimereba;閉めれば;511
519;negative_provisional;shimenakereba;閉めなければ;511
520;potential;shimerareru;閉められる;511
521;negative_potential;shimerarenai;閉められない;511
525;te;keshite;消して;522
526;masu;keshimasu;消します;522
527;nai;kesanai;消さない;522
528;volitional;kesou;消そう;522
529;ta;keshita;消した;522
530;provisional;keseba;消せば;522
531;negative_provisional;kesanakereba;消さなければ;522
532;potential;keseru;消せる;522
533;negative_potential;kesenai;消せない;522
536;te;totte;取って;534
537;masu;torimasu;取ります;534
538;nai;toranai;取らない;534
539;volitional;torou;取ろう;534
540;ta;totta;取った;534
541;provisional;toreba;取れば;534
542;negative_provisional;toranakereba;取らなければ;534
543;potential;toreru;取れる;534
544;negative_potential;torenai;取れない;534
547;te;hataraite;働いて;545
548;masu;hatarakimasu;働きます;545
549;nai;hatarakanai;働かない;545
550;volitional;hatarakou;働こう;545
551;ta;hataraita;働いた;545
552;provisional;hatarakeba;働けば;545
553;negative_provisional;hatarakanakereba;働かなければ;545
554;potential;hatarakeru;働ける;545
555;negative_potential;hatarakenai;働けない;545
559;te;sunde;住んで;556
560;masu;sumimasu;住みます;556
561;nai;sumanai;住まない;556
562;volitional;sumou;住もう;556
563;ta;sunda;住んだ;556
564;provisional;sumeba;住めば;556
565;negative_provisional;sumanakereba;住まなければ;556
566;potential;sumeru;住める;556
567;negative_potential;sumenai;住めない;556
571;te;oboete;覚えて;568
572;masu;oboemasu;覚えます;568
573;nai;oboenai;覚えない;568
574;volitional;oboeyou;覚えよう;568
575;ta;oboeta;覚えた;568
576;provisional;oboereba;覚えれば;568
577;negative_provisional;oboenakereba;覚えなければ;568
578;potential;oboerareru;覚えられる;568
579;negative_potential;oboerarenai;覚えられない;568
582;te;hashitte;走って;580
583;masu;hashirimasu;走ります;580
584;nai;hashiranai;走らない;580
585;volitional;hashirou;走ろう;580
586;ta;hashitta;走った;580
587;provisional;hashireba;走れば;580
588;negative_provisional;hashiranakereba;走らなければ;580
589;potential;hashireru;走れる;580
590;negative_potential;hashirenai;走れない;580
593;te;kashite;貸して;591
594;masu;kashimasu;貸します;591
595;nai;kasanai;貸さない;591
596;volitional;kasou;貸そう;591
597;ta;kashita;貸した;591
598;provisional;kaseba;貸せば;591
599;negative_provisional;kasanakereba;貸さなければ;591
600;potential;kaseru;貸せる;591
601;negative_potential;kasenai;貸せない;591
604;te;hiite;弾いて;602
605;masu;hikimasu;弾きます;602
606;nai;hikanai;弾かない;602
607;volitional;hikou;弾こう;602
608;ta;hiita;弾いた;602
609;provisional;hikeba;弾けば;602
610;negative_provisional;hikanakereba;弾かなければ;602
611;potential;hikeru;弾ける;602
612;negative_potential;hikenai;弾けない;602
615;te;saite;咲いて;613
616;masu;sakimasu;咲きます;613
617;nai;sakanai;咲かない;613
618;volitional;sakou;咲こう;613
619;ta;saita;咲いた;613
620;provisional;sakeba;咲けば;613
621;negative_provisional;sakanakereba;咲かなければ;613
622;potential;sakeru;咲ける;613
623;negative_potential;sakenai;咲けない;613
626;te;narabete;並べて;624
627;masu;narabemasu;並べます;624
628;nai;narabenai;並べない;624
629;volitional;narabeyou;並べよう;624
630;ta;narabeta;並べた;624
631;provisional;narabereba;並べれば;624
632;negative_provisional;narabenakereba;並べなければ;624
633;potential;naraberareru;並べられる;624
634;negative_potential;naraberarenai;並べられない;624
637;te;dete;出て;635
638;masu;demasu;出ます;635
639;nai;denai;出ない;635
640;volitional;deyou;出よう;635
641;ta;deta;出た;635
642;provisional;dereba;出れば;635
643;negative_provisional;denakereba;出なければ;635
644;potential;derareru;出られる;635
645;negative_potential;derarenai;出られない;635
648;te;atte;会って;646
649;masu;aimasu;会います;646
650;nai;awanai;会わない;646
651;volitional;aou;会おう;646
652;ta;atta;会った;646
653;provisional;aeba;会えば;646
654;negative_provisional;awanakereba;会わなければ;646
655;potential;aeru;会える;646
656;negative_potential;aenai;会えない;646
659;te;asonde;遊んで;657
660;masu;asobimasu;遊びます;657
661;nai;asobanai;遊ばない;657
662;volitional;asobou;遊ぼ;657
663;ta;asonda;遊んだ;657
664;provisional;asobeba;遊べば;657
665;negative_provisional;asobanakereba;遊ばなければ;657
666;potential;asoberu;遊べる;657
667;negative_potential;asobenai;遊べない;657
671;te;dashite;出して;668
672;masu;dashimasu;出します;668
673;nai;dasanai;出さない;668
674;volitional;dasou;出そう;668
675;ta;dashita;出した;668
676;provisional;daseba;出せば;668
677;negative_provisional;dasanakereba;出さなければ;668
678;potential;daseru;出せる;668
679;negative_potential;dasenai;出せない;668
682;te;haitte;入って;680
683;masu;hairimasu;入ります;680
684;nai;hairanai;入らない;680
685;volitional;hairou;入ろう;680
686;ta;haitta;入った;680
687;provisional;haireba;入れば;680
688;negative_provisional;hairanakereba;入らなければ;680
689;potential;haireru;入れる;680
690;negative_potential;hairenai;入れない;680
694;te;tanonde;頼んで;691
695;masu;tanomimasu;頼みます;691
696;nai;tanomanai;頼まない;691
697;volitional;tanomou;頼もう;691
698;ta;tanonda;頼んだ;691
699;provisional;tanomeba;頼めば;691
700;negative_provisional;tanomanakereba;頼まなければ;691
701;potential;tanomeru;頼める;691
702;negative_potential;tanomenai;頼めない;691
705;te;orite;降りて;703
706;masu;orimasu;降ります;703
707;nai;orinai;降りない;703
708;volitional;oriyou;降りよう;703
709;ta;orita;降りた;703
710;provisional;orireba;降りれば;703
711;negative_provisional;orinakereba;降りなければ;703
712;potential;orirareru;降りられる;703
713;negative_potential;orirarenai;降りられない;703
716;te;watatte;渡って;714
717;masu;watarimasu;渡ります;714
718;nai;wataranai;渡らない;714
719;volitional;watarou;渡ろう;714
720;ta;watatta;渡った;714
721;provisional;watareba;渡れば;714
722;negative_provisional;wataranakereba;渡らなければ;714
723;potential;watareru;渡れる;714
724;negative_potential;watarenai;渡れない;714
727;te;wasurete;忘れて;725
728;masu;wasuremasu;忘れます;725
729;nai;wasurenai;忘れない;725
730;volitional;wasureyou;忘れよう;725
731;ta;wasureta;忘れた;725
732;provisional;wasurereba;忘れれば;725
733;negative_provisional;wasurenakereba;忘れなければ;725
734;potential;wasurerareru;忘れられる;725
735;negative_potential;wasurerarenai;忘れられない;725
738;te;matte;待って;736
739;masu;machimasu;待ちます;736
740;nai;matanai;待たない;736
741;volitional;matou;待とう;736
742;ta;matta;待った;736
743;provisional;mateba;待てば;736
744;negative_provisional;matanakereba;待たなければ;736
745;potential;materu;待てる;736
746;negative_potential;matenai;待てない;736
749;te;utatte;歌って;747
750;masu;utaimasu;歌います;747
751;nai;utawanai;歌わない;747
752;volitional;utaou;歌おう;747
753;ta;utatta;歌った;747
754;provisional;utaeba;歌えば;747
755;negative_provisional;utawanakereba;歌わなければ;747
756;potential;utaeru;歌える;747
757;negative_potential;utaenai;歌えない;747
760;te;nete;寝て;758
761;masu;nemasu;寝ます;758
762;nai;nenai;寝ない;758
763;volitional;neyou;寝よう;758
764;ta;neta;寝た;758
765;provisional;nereba;寝れば;758
766;negative_provisional;nenakereba;寝なければ;758
767;potential;nerareru;寝られる;758
768;negative_potential;nerarenai;寝られない;758
772;te;irete;入れて;769
773;masu;iremasu;入れます;769
774;nai;irenai;入れない;769
775;volitional;ireyou;入れよう;769
776;ta;ireta;入れた;769
777;provisional;irereba;入れれば;769
778;negative_provisional;irenakereba;入れなければ;769
779;potential;irerareru;入れられる;769
780;negative_potential;irerarenai;入れられない;769
784;te;tsukutte;作って;781
785;masu;tsukurimasu;作ります;781
786;nai;tsukuranai;作らない;781
787;volitional;tsukurou;作ろう;781
788;ta;tsukutta;作った;781
789;provisional;tsukureba;作れば;781
790;negative_provisional;tsukuranakereba;作らなければ;781
791;potential;tsukureru;作れる;781
792;negative_potential;tsukurenai;作れない;781
795;te;kotaete;答えて;793
796;masu;kotaemasu;答えます;793
797;nai;kotaenai;答えない;793
798;volitional;kotaeyou;答えよう;793
799;ta;kotaeta;答えた;793
800;provisional;kotaereba;答えれば;793
801;negative_provisional;kotaenakereba;答えなければ;793
802;potential;kotaerareru;答えられる;793
803;negative_potential;kotaerarenai;答えられない;793
806;te;tonde;飛んで;804
807;masu;tobimasu;飛びます;804
808;nai;tobanai;飛ばない;804
809;volitional;tobou;飛ぼ;804
810;ta;tonda;飛んだ;804
811;provisional;tobeba;飛べば;804
812;negative_provisional;tobanakereba;飛ばなければ;804
813;potential;toberu;飛べる;804
814;negative_potential;tobenai;飛べない;804
817;te;hiite;引いて;815
818;masu;hikimasu;引きます;815
819;nai;hikanai;引かない;815
820;volitional;hikou;引こう;815
821;ta;hiita;引いた;815
822;provisional;hikeba;引けば;815
823;negative_provisional;hikanakereba;引かなければ;815
824;potential;hikeru;引ける;815
825;negative_potential;hikenai;引けない;815
828;te;shitte;知って;826
829;masu;shirimasu;知ります;826
830;nai;shiranai;知らない;826
831;volitional;shirou;知ろう;826
832;ta;shitta;知った;826
833;provisional;shireba;知れば;826
834;negative_provisional;shiranakereba;知らなければ;826
835;potential;shireru;知れる;826
836;negative_potential;shirenai;知れない;826
841;te;hanashite;話して;837
842;masu;hanashimasu;話します;837
843;nai;hanasanai;話さない;837
844;volitional;hanasou;話そう;837
845;ta;hanashita;話した;837
846;provisional;hanaseba;話せば;837
847;negative_provisional;hanasanakereba;話さなければ;837
848;potential;hanaseru;話せる;837
849;negative_potential;hanasenai;話せない;837
852;te;shimatte;閉まって;850
853;masu;shimarimasu;閉まります;850
854;nai;shimaranai;閉まらない;850
855;volitional;shimarou;閉まろう;850
856;ta;shimatta;閉まった;850
857;provisional;shimareba;閉まれば;850
858;negative_provisional;shimaranakereba;閉まらなければ;850
859;potential;shimareru;閉まれる;850
860;negative_potential;shimarenai;閉まれない;850
863;te;abite;浴びて;861
864;masu;abimasu;浴びます;861
865;nai;abinai;浴びない;861
866;volitional;abiyou;浴びよう;861
867;ta;abita;浴びた;861
868;provisional;abireba;浴びれば;861
869;negative_provisional;abinakereba;浴びなければ;861
870;potential;abirareru;浴びられる;861
871;negative_potential;abirarenai;浴びられない;861
874;te;tsuite;着いて;872
875;masu;tsukimasu;着きます;872
876;nai;tsukanai;着かない;872
877;volitional;tsukou;着こう;872
878;ta;tsuita;着いた;872
879;provisional;tsukeba;着けば;872
880;negative_provisional;tsukanakereba;着かなければ;872
881;potential;tsukeru;着ける;872
882;negative_potential;tsukenai;着けない;872
885;te;kaeshite;返して;883
886;masu;kaeshimasu;返します;883
887;nai;kaesanai;返さない;883
888;volitional;kaesou;返そう;883
889;ta;kaeshita;返した;883
890;provisional;kaeseba;返せば;883
891;negative_provisional;kaesanakereba;返さなければ;883
892;potential;kaeseru;返せる;883
893;negative_potential;kaesenai;返せない;883
896;te;nuide;脱いで;894
897;masu;nugimasu;脱ぎます;894
898;nai;nuganai;脱がない;894
899;volitional;nugou;脱ご;894
900;ta;nuida;脱いだ;894
901;provisional;nugeba;脱げば;894
902;negative_provisional;nuganakereba;脱がなければ;894
903;potential;nugeru;脱げる;894
904;negative_potential;nugenai;脱げない;894
907;te;katte;買って;905
908;masu;kaimasu;買います;905
909;nai;kawanai;買わない;905
910;volitional;kaou;買おう;905
911;ta;katta;買った;905
912;provisional;kaeba;買えば;905
913;negative_provisional;kawanakereba;買わなければ;905
914;potential;kaeru;買える;905
915;negative_potential;kaenai;買えない;905
918;te;akete;開けて;916
919;masu;akemasu;開けます;916
920;nai;akenai;開けない;916
921;volitional;akeyou;開けよう;916
922;ta;aketa;開けた;916
923;provisional;akereba;開ければ;916
924;negative_provisional;akenakereba;開けなければ;916
925;potential;akerareru;開けられる;916
926;negative_potential;akerarenai;開けられない;916
929;te;misete;見せて;927
930;masu;misemasu;見せます;927
931;nai;misenai;見せない;927
932;volitional;miseyou;見せよう;927
933;ta;miseta;見せた;927
934;provisional;misereba;見せれば;927
935;negative_provisional;misenakereba;見せなければ;927
936;potential;miserareru;見せられる;927
937;negative_potential;miserarenai;見せられない;927
940;te;fuite;吹いて;938
941;masu;fukimasu;吹きます;938
942;nai;fukanai;吹かない;938
943;volitional;fukou;吹こう;938
944;ta;fuita;吹いた;938
945;provisional;fukeba;吹けば;938
946;negative_provisional;fukanakereba;吹かなければ;938
947;potential;fukeru;吹ける;938
948;negative_potential;fukenai;吹けない;938
952;te;shinde;死んで;949
953;masu;shinimasu;死にます;949
954;nai;shinanai;死なない;949
955;volitional;shinou;死のう;949
956;ta;shinda;死んだ;949
957;provisional;shineba;死ねば;949
958;negative_provisional;shinanakereba;死ななければ;949
959;potential;shineru;死ねる;949
960;negative_potential;shinenai;死ねない;949
963;te;komatte;困って;961
964;masu;komarimasu;困ります;961
965;nai;komaranai;困らない;961
966;volitional;komarou;困ろう;961
967;ta;komatta;困った;961
968;provisional;komareba;困れば;961
969;negative_provisional;komaranakereba;困らなければ;961
970;potential;komareru;困れる;961
971;negative_potential;komarenai;困れない;961
974;te;suwatte;座って;972
975;masu;suwarimasu;座ります;972
976;nai;suwaranai;座らない;972
977;volitional;suwarou;座ろう;972
978;ta;suwatta;座った;972
979;provisional;suwareba;座れば;972
980;negative_provisional;suwaranakereba;座らなければ;972
981;potential;suwareru;座れる;972
982;negative_potential;suwarenai;座れない;972
985;te;owatte;終わって;983
986;masu;owarimasu;終わります;983
987;nai;owaranai;終わらない;983
988;volitional;owarou;終わろう;983
989;ta;owatta;終わった;983
990;provisional;owareba;終われば;983
991;negative_provisional;owaranakereba;終わらなければ;983
992;potential;owareru;終われる;983
993;negative_potential;owarenai;終われない;983
996;te;okutte;送って;994
997;masu;okurimasu;送ります;994
998;nai;okuranai;送らない;994
999;volitional;okurou;送ろう;994
1000;ta;okutta;送った;994
1001;provisional;okureba;送れば;994
1002;negative_provisional;okuranakereba;送らなければ;994
1003;potential;okureru;送れる;994
1004;negative_potential;okurenai;送れない;994
1008;te;kite;着て;1005
1009;masu;kimasu;着ます;1005
1010;nai;kinai;着ない;1005
1011;volitional;kiyou;着よう;1005
1012;ta;kita;着た;1005
1013;provisional;kireba;着れば;1005
1014;negative_provisional;kinakereba;着なければ;1005
1015;potential;kirareru;着られる;1005
1016;negative_potential;kirarenai;着られない;1005
1019;te;tomatte;泊まって;1017
1020;masu;tomarimasu;泊まります;1017
1021;nai;tomaranai;泊まらない;1017
1022;volitional;tomarou;泊まろう;1017
1023;ta;tomatta;泊まった;1017
1024;provisional;tomareba;泊まれば;1017
1025;negative_provisional;tomaranakereba;泊まらなければ;1017
1026;potential;tomareru;泊まれる;1017
1027;negative_potential;tomarenai;泊まれない;1017
1031;te;modotte;戻って;1028
1032;masu;modorimasu;戻ります;1028
1033;nai;modoranai;戻らない;1028
1034;volitional;modorou;戻ろう;1028
1035;ta;modotta;戻った;1028
1036;provisional;modoreba;戻れば;1028
1037;negative_provisional;modoranakereba;戻らなければ;1028
1038;potential;modoreru;戻れる;1028
1039;negative_potential;modorenai;戻れない;1028
1042;te;futotte;太って;1040
1043;masu;futorimasu;太ります;1040
1044;nai;futoranai;太らない;1040
1045;volitional;futorou;太ろう;1040
1046;ta;futotta;太った;1040
1047;provisional;futoreba;太れば;1040
1048;negative_provisional;futoranakereba;太らなければ;1040
1049;potential;futoreru;太れる;1040
1050;negative_potential;futorenai;太れない;1040
1054;te;sodatete;育てて;1051
1055;masu;sodatemasu;育てます;1051
1056;nai;sodatenai;育てない;1051
1057;volitional;sodateyou;育てよう;1051
1058;ta;sodateta;育てた;1051
1059;provisional;sodatereba;育てれば;1051
1060;negative_provisional;sodatenakereba;育てなければ;1051
1061;potential;sodaterareru;育てられる;1051
1062;negative_potential;sodaterarenai;育てられない;1051
1065;te;kowarete;壊れて;1063
1066;masu;kowaremasu;壊れます;1063
1067;nai;kowarenai;壊れない;1063
1068;volitional;kowareyou;壊れよう;1063
1069;ta;kowareta;壊れた;1063
1070;provisional;kowarereba;壊れれば;1063
1071;negative_provisional;kowarenakereba;壊れなければ;1063
1072;potential;kowarerareru;壊れられる;1063
1073;negative_potential;kowarerarenai;壊れられない;1063
1076;te;fuete;増えて;1074
1077;masu;fuemasu;増えます;1074
1078;nai;fuenai;増えない;1074
1079;volitional;fueyou;増えよう;1074
1080;ta;fueta;増えた;1074
1081;provisional;fuereba;増えれば;1074
1082;negative_provisional;fuenakereba;増えなければ;1074
1083;potential;fuerareru;増えられる;1074
1084;negative_potential;fuerarenai;増えられない;1074
1087;te;tsurete;連れて;1085
1088;masu;tsuremasu;連れます;1085
1089;nai;tsurenai;連れない;1085
1090;volitional;tsureyou;連れよう;1085
1091;ta;tsureta;連れた;1085
1092;provisional;tsurereba;連れれば;1085
1093;negative_provisional;tsurenakereba;連れなければ;1085
1094;potential;tsurerareru;連れられる;1085
1095;negative_potential;tsurerarenai;連れられない;1085
1098;te;nokotte;残って;1096
1099;masu;nokorimasu;残ります;1096
1100;nai;nokoranai;残らない;1096
1101;volitional;nokorou;残ろう;1096
1102;ta;nokotta;残った;1096
1103;provisional;nokoreba;残れば;1096
1104;negative_provisional;nokoranakereba;残らなければ;1096
1105;potential;nokoreru;残れる;1096
1106;negative_potential;nokorenai;残れない;1096
1109;te;mitsukete;見つけて;1107
1110;masu;mitsukemasu;見つけます;1107
1111;nai;mitsukenai;見つけない;1107
1112;volitional;mitsukeyou;見つけよう;1107
1113;ta;mitsuketa;見つけた;1107
1114;provisional;mitsukereba;見つければ;1107
1115;negative_provisional;mitsukenakereba;見つけなければ;1107
1116;potential;mitsukerareru;見つけられる;1107
1117;negative_potential;mitsukerarenai;見つけられない;1107
1120;te;moratte;貰って;1118
1121;masu;moraimasu;貰います;1118
1122;nai;morawanai;貰わない;1118
1123;volitional;moraou;貰おう;1118
1124;ta;moratta;貰った;1118
1125;provisional;moraeba;貰えば;1118
1126;negative_provisional;morawanakereba;貰わなければ;1118
1127;potential;moraeru;貰える;1118
1128;negative_potential;moraenai;貰えない;1118
1132;te;subette;滑って;1129
1133;masu;suberimasu;滑ります;1129
1134;nai;suberanai;滑らない;1129
1135;volitional;suberou;滑ろう;1129
1136;ta;subetta;滑った;1129
1137;provisional;subereba;滑れば;1129
1138;negative_provisional;suberanakereba;滑らなければ;1129
1139;potential;subereru;滑れる;1129
1140;negative_potential;suberenai;滑れない;1129
1143;te;tashite;足して;1141
1144;masu;tashimasu;足します;1141
1145;nai;tasanai;足さない;1141
1146;volitional;tasou;足そう;1141
1147;ta;tashita;足した;1141
1148;provisional;taseba;足せば;1141
1149;negative_provisional;tasanakereba;足さなければ;1141
1150;potential;taseru;足せる;1141
1151;negative_potential;tasenai;足せない;1141
1154;te;homete;褒めて;1152
1155;masu;homemasu;褒めます;1152
1156;nai;homenai;褒めない;1152
1157;volitional;homeyou;褒めよう;1152
1158;ta;hometa;褒めた;1152
1159;provisional;homereba;褒めれば;1152
1160;negative_provisional;homenakereba;褒めなければ;1152
1161;potential;homerareru;褒められる;1152
1162;negative_potential;homerarenai;褒められない;1152
1165;te;yorokonde;喜んで;1163
1166;masu;yorokobimasu;喜びます;1163
1167;nai;yorokobanai;喜ばない;1163
1168;volitional;yorokobou;喜ぼ;1163
1169;ta;yorokonda;喜んだ;1163
1170;provisional;yorokobeba;喜べば;1163
1171;negative_provisional;yorokobanakereba;喜ばなければ;1163
1172;potential;yorokoberu;喜べる;1163
1173;negative_potential;yorokobenai;喜べない;1163
1177;te;hiete;冷えて;1174
1178;masu;hiemasu;冷えます;1174
1179;nai;hienai;冷えない;1174
1180;volitional;hieyou;冷えよう;1174
1181;ta;hieta;冷えた;1174
1182;provisional;hiereba;冷えれば;1174
1183;negative_provisional;hienakereba;冷えなければ;1174
1184;potential;hierareru;冷えられる;1174
1185;negative_potential;hierarenai;冷えられない;1174
1189;te;naoshite;直して;1186
1190;masu;naoshimasu;直します;1186
1191;nai;naosanai;直さない;1186
1192;volitional;naosou;直そう;1186
1193;ta;naoshita;直した;1186
1194;provisional;naoseba;直せば;1186
1195;negative_provisional;naosanakereba;直さなければ;1186
1196;potential;naoseru;直せる;1186
1197;negative_potential;naosenai;直せない;1186
1201;te;waite;沸いて;1198
1202;masu;wakimasu;沸きます;1198
1203;nai;wakanai;沸かない;1198
1204;volitional;wakou;沸こう;1198
1205;ta;waita;沸いた;1198
1206;provisional;wakeba;沸けば;1198
1207;negative_provisional;wakanakereba;沸かなければ;1198
1208;potential;wakeru;沸ける;1198
1209;negative_potential;wakenai;沸けない;1198
1212;te;sagete;下げて;1210
1213;masu;sagemasu;下げます;1210
1214;nai;sagenai;下げない;1210
1215;volitional;sageyou;下げよう;1210
1216;ta;sageta;下げた;1210
1217;provisional;sagereba;下げれば;1210
1218;negative_provisional;sagenakereba;下げなければ;1210
1219;potential;sagerareru;下げられる;1210
1220;negative_potential;sagerarenai;下げられない;1210
1223;te;nite;似て;1221
1224;masu;nimasu;似ます;1221
1225;nai;ninai;似ない;1221
1226;volitional;niyou;似よう;1221
1227;ta;nita;似た;1221
1228;provisional;nireba;似れば;1221
1229;negative_provisional;ninakereba;似なければ;1221
1230;potential;nirareru;似られる;1221
1231;negative_potential;nirarenai;似られない;1221
1234;te;kimete;決めて;1232
1235;masu;kimemasu;決めます;1232
1236;nai;kimenai;決めない;1232
1237;volitional;kimeyou;決めよう;1232
1238;ta;kimeta;決めた;1232
1239;provisional;kimereba;決めれば;1232
1240;negative_provisional;kimenakereba;決めなければ;1232
1241;potential;kimerareru;決められる;1232
1242;negative_potential;kimerarenai;決められない;1232
1245;te;sugite;過ぎて;1243
1246;masu;sugimasu;過ぎます;1243
1247;nai;suginai;過ぎない;1243
1248;volitional;sugiyou;過ぎよう;1243
1249;ta;sugita;過ぎた;1243
1250;provisional;sugireba;過ぎれば;1243
1251;negative_provisional;suginakereba;過ぎなければ;1243
1252;potential;sugirareru;過ぎられる;1243
1253;negative_potential;sugirarenai;過ぎられない;1243
1257;te;atte;合って;1254
1258;masu;aimasu;合います;1254
1259;nai;awanai;合わない;1254
1260;volitional;aou;合おう;1254
1261;ta;atta;合った;1254
1262;provisional;aeba;合えば;1254
1263;negative_provisional;awanakereba;合わなければ;1254
1264;potential;aeru;合える;1254
1265;negative_potential;aenai;合えない;1254
1269;te;hirotte;拾って;1266
1270;masu;hiroimasu;拾います;1266
1271;nai;hirowanai;拾わない;1266
1272;volitional;hiroou;拾おう;1266
1273;ta;hirotta;拾った;1266
1274;provisional;hiroeba;拾えば;1266
1275;negative_provisional;hirowanakereba;拾わなければ;1266
1276;potential;hiroeru;拾える;1266
1277;negative_potential;hiroenai;拾えない;1266
1280;te;shirabete;調べて;1278
1281;masu;shirabemasu;調べます;1278
1282;nai;shirabenai;調べない;1278
1283;volitional;shirabeyou;調べよう;1278
1284;ta;shirabeta;調べた;1278
1285;provisional;shirabereba;調べれば;1278
1286;negative_provisional;shirabenakereba;調べなければ;1278
1287;potential;shiraberareru;調べられる;1278
1288;negative_potential;shiraberarenai;調べられない;1278
1291;te;nigete;逃げて;1289
1292;masu;nigemasu;逃げます;1289
1293;nai;nigenai;逃げない;1289
1294;volitional;nigeyou;逃げよう;1289
1295;ta;nigeta;逃げた;1289
1296;provisional;nigereba;逃げれば;1289
1297;negative_provisional;nigenakereba;逃げなければ;1289
1298;potential;nigerareru;逃げられる;1289
1299;negative_potential;nigerarenai;逃げられない;1289
1302;te;sagatte;下がって;1300
1303;masu;sagarimasu;下がります;1300
1304;nai;sagaranai;下がらない;1300
1305;volitional;sagarou;下がろう;1300
1306;ta;sagatta;下がった;1300
1307;provisional;sagareba;下がれば;1300
1308;negative_provisional;sagaranakereba;下がらなければ;1300
1309;potential;sagareru;下がれる;1300
1310;negative_potential;sagarenai;下がれない;1300
1314;te;naotte;直って;1311
1315;masu;naorimasu;直ります;1311
1316;nai;naoranai;直らない;1311
1317;volitional;naorou;直ろう;1311
1318;ta;naotta;直った;1311
1319;provisional;naoreba;直れば;1311
1320;negative_provisional;naoranakereba;直らなければ;1311
1321;potential;naoreru;直れる;1311
1322;negative_potential;naorenai;直れない;1311
1325;te;hakonde;運んで;1323
1326;masu;hakobimasu;運びます;1323
1327;nai;hakobanai;運ばない;1323
1328;volitional;hakobou;運ぼ;1323
1329;ta;hakonda;運んだ;1323
1330;provisional;hakobeba;運べば;1323
1331;negative_provisional;hakobanakereba;運ばなければ;1323
1332;potential;hakoberu;運べる;1323
1333;negative_potential;hakobenai;運べない;1323
1336;te;mitsukatte;見つかって;1334
1337;masu;mitsukarimasu;見つかります;1334
1338;nai;mitsukaranai;見つからない;1334
1339;volitional;mitsukarou;見つかろう;1334
1340;ta;mitsukatta;見つかった;1334
1341;provisional;mitsukareba;見つかれば;1334
1342;negative_provisional;mitsukaranakereba;見つからなければ;1334
1343;potential;mitsukareru;見つかれる;1334
1344;negative_potential;mitsukarenai;見つかれない;1334
1348;te;waratte;笑って;1345
1349;masu;waraimasu;笑います;1345
1350;nai;warawanai;笑わない;1345
1351;volitional;waraou;笑おう;1345
1352;ta;waratta;笑った;1345
1353;provisional;waraeba;笑えば;1345
1354;negative_provisional;warawanakereba;笑わなければ;1345
1355;potential;waraeru;笑える;1345
1356;negative_potential;waraenai;笑えない;1345
1359;te;shikatte;叱って;1357
1360;masu;shikarimasu;叱ります;1357
1361;nai;shikaranai;叱らない;1357
1362;volitional;shikarou;叱ろう;1357
1363;ta;shikatta;叱った;1357
1364;provisional;shikareba;叱れば;1357
1365;negative_provisional;shikaranakereba;叱らなければ;1357
1366;potential;shikareru;叱れる;1357
1367;negative_potential;shikarenai;叱れない;1357
1370;te;kurete;暮れて;1368
1371;masu;kuremasu;暮れます;1368
1372;nai;kurenai;暮れない;1368
1373;volitional;kureyou;暮れよう;1368
1374;ta;kureta;暮れた;1368
1375;provisional;kurereba;暮れれば;1368
1376;negative_provisional;kurenakereba;暮れなければ;1368
1377;potential;kurerareru;暮れられる;1368
1378;negative_potential;kurerarenai;暮れられない;1368
1381;te;nemutte;眠って;1379
1382;masu;nemurimasu;眠ります;1379
1383;nai;nemuranai;眠らない;1379
1384;volitional;nemurou;眠ろう;1379
1385;ta;nemutta;眠った;1379
1386;provisional;nemureba;眠れば;1379
1387;negative_provisional;nemuranakereba;眠らなければ;1379
1388;potential;nemureru;眠れる;1379
1389;negative_potential;nemurenai;眠れない;1379
1392;te;haratte;払って;1390
1393;masu;haraimasu;払います;1390
1394;nai;harawanai;払わない;1390
1395;volitional;haraou;払おう;1390
1396;ta;haratta;払った;1390
1397;provisional;haraeba;払えば;1390
1398;negative_provisional;harawanakereba;払わなければ;1390
1399;potential;haraeru;払える;1390
1400;negative_potential;haraenai;払えない;1390
1403;te;nagete;投げて;1401
1404;masu;nagemasu;投げます;1401
1405;nai;nagenai;投げない;1401
1406;volitional;nageyou;投げよう;1401
1407;ta;nageta;投げた;1401
1408;provisional;nagereba;投げれば;1401
1409;negative_provisional;nagenakereba;投げなければ;1401
1410;potential;nagerareru;投げられる;1401
1411;negative_potential;nagerarenai;投げられない;1401
1414;te;shirasete;知らせて;1412
1415;masu;shirasemasu;知らせます;1412
1416;nai;shirasenai;知らせない;1412
1417;volitional;shiraseyou;知らせよう;1412
1418;ta;shiraseta;知らせた;1412
1419;provisional;shirasereba;知らせれば;1412
1420;negative_provisional;shirasenakereba;知らせなければ;1412
1421;potential;shiraserareru;知らせられる;1412
1422;negative_potential;shiraserarenai;知らせられない;1412
1426;te;sagashite;探して;1423
1427;masu;sagashimasu;探します;1423
1428;nai;sagasanai;探さない;1423
1429;volitional;sagasou;探そう;1423
1430;ta;sagashita;探した;1423
1431;provisional;sagaseba;探せば;1423
1432;negative_provisional;sagasanakereba;探さなければ;1423
1433;potential;sagaseru;探せる;1423
1434;negative_potential;sagasenai;探せない;1423
1437;te;oite;置いて;1435
1438;masu;okimasu;置きます;1435
1439;nai;okanai;置かない;1435
1440;volitional;okou;置こう;1435
1441;ta;oita;置いた;1435
1442;provisional;okeba;置けば;1435
1443;negative_provisional;okanakereba;置かなければ;1435
1444;potential;okeru;置ける;1435
1445;negative_potential;okenai;置けない;1435
1448;te;funde;踏んで;1446
1449;masu;fumimasu;踏みます;1446
1450;nai;fumanai;踏まない;1446
1451;volitional;fumou;踏もう;1446
1452;ta;funda;踏んだ;1446
1453;provisional;fumeba;踏めば;1446
1454;negative_provisional;fumanakereba;踏まなければ;1446
1455;potential;fumeru;踏める;1446
1456;negative_potential;fumenai;踏めない;1446
1459;te;kowashite;壊して;1457
1460;masu;kowashimasu;壊します;1457
1461;nai;kowasanai;壊さない;1457
1462;volitional;kowasou;壊そう;1457
1463;ta;kowashita;壊した;1457
1464;provisional;kowaseba;壊せば;1457
1465;negative_provisional;kowasanakereba;壊さなければ;1457
1466;potential;kowaseru;壊せる;1457
1467;negative_potential;kowasenai;壊せない;1457
1470;te;kurabete;比べて;1468
1471;masu;kurabemasu;比べます;1468
1472;nai;kurabenai;比べない;1468
1473;volitional;kurabeyou;比べよう;1468
1474;ta;kurabeta;比べた;1468
1475;provisional;kurabereba;比べれば;1468
1476;negative_provisional;kurabenakereba;比べなければ;1468
1477;potential;kuraberareru;比べられる;1468
1478;negative_potential;kuraberarenai;比べられない;1468
1481;te;sutete;捨てて;1479
1482;masu;sutemasu;捨てます;1479
1483;nai;sutenai;捨てない;1479
1484;volitional;suteyou;捨てよう;1479
1485;ta;suteta;捨てた;1479
1486;provisional;sutereba;捨てれば;1479
1487;negative_provisional;sutenakereba;捨てなければ;1479
1488;potential;suterareru;捨てられる;1479
1489;negative_potential;suterarenai;捨てられない;1479
1492;te;mukaete;迎えて;1490
1493;masu;mukaemasu;迎えます;1490
1494;nai;mukaenai;迎えない;1490
1495;volitional;mukaeyou;迎えよう;1490
1496;ta;mukaeta;迎えた;1490
1497;provisional;mukaereba;迎えれば;1490
1498;negative_provisional;mukaenakereba;迎えなければ;1490
1499;potential;mukaerareru;迎えられる;1490
1500;negative_potential;mukaerarenai;迎えられない;1490
1503;te;konde;込んで;1501
1504;masu;komimasu;込みます;1501
1505;nai;komanai;込まない;1501
1506;volitional;komou;込もう;1501
1507;ta;konda;込んだ;1501
1508;provisional;komeba;込めば;1501
1509;negative_provisional;komanakereba;込まなければ;1501
1510;potential;komeru;込める;1501
1511;negative_potential;komenai;込めない;1501
1514;te;kakatte;掛かって;1512
1515;masu;kakarimasu;掛かります;1512
1516;nai;kakaranai;掛からない;1512
1517;volitional;kakarou;掛かろう;1512
1518;ta;kakatta;掛かった;1512
1519;provisional;kakareba;掛かれば;1512
1520;negative_provisional;kakaranakereba;掛からなければ;1512
1521;potential;kakareru;掛かれる;1512
1522;negative_potential;kakarenai;掛かれない;1512
1526;te;suite;空いて;1523
1527;masu;sukimasu;空きます;1523
1528;nai;sukanai;空かない;1523
1529;volitional;sukou;空こう;1523
1530;ta;suita;空いた;1523
1531;provisional;sukeba;空けば;1523
1532;negative_provisional;sukanakereba;空かなければ;1523
1533;potential;sukeru;空ける;1523
1534;negative_potential;sukenai;空けない;1523
1538;te;tsuzukete;続けて;1535
1539;masu;tsuzukemasu;続けます;1535
1540;nai;tsuzukenai;続けない;1535
1541;volitional;tsuzukeyou;続けよう;1535
1542;ta;tsuzuketa;続けた;1535
1543;provisional;tsuzukereba;続ければ;1535
1544;negative_provisional;tsuzukenakereba;続けなければ;1535
1545;potential;tsuzukerareru;続けられる;1535
1546;negative_potential;tsuzukerarenai;続けられない;1535
1549;te;e;楽しんで;1547
1550;masu;tanoshimuimasu;楽しみます;1547
1551;nai;tanoshimuanai;楽しまない;1547
1552;volitional;tanoshimuou;楽しもう;1547
1553;ta;;楽しんだ;1547
1554;provisional;tanoshimueba;楽しめば;1547
1555;negative_provisional;tanoshimuanakereba;楽しまなければ;1547
1556;potential;tanoshimueru;楽しめる;1547
1557;negative_potential;tanoshimuenai;楽しめない;1547
1562;te;kikoete;聞こえて;1558
1563;masu;kikoemasu;聞こえます;1558
1564;nai;kikoenai;聞こえない;1558
1565;volitional;kikoeyou;聞こえよう;1558
1566;ta;kikoeta;聞こえた;1558
1567;provisional;kikoereba;聞こえれば;1558
1568;negative_provisional;kikoenakereba;聞こえなければ;1558
1569;potential;kikoerareru;聞こえられる;1558
1570;negative_potential;kikoerarenai;聞こえられない;1558
1573;te;tarite;足りて;1571
1574;masu;tarimasu;足ります;1571
1575;nai;tarinai;足りない;1571
1576;volitional;tariyou;足りよう;1571
1577;ta;tarita;足りた;1571
1578;provisional;tarireba;足りれば;1571
1579;negative_provisional;tarinakereba;足りなければ;1571
1580;potential;tarirareru;足りられる;1571
1581;negative_potential;tarirarenai;足りられない;1571
1585;te;tsuzuite;続いて;1582
1586;masu;tsuzukimasu;続きます;1582
1587;nai;tsuzukanai;続かない;1582
1588;volitional;tsuzukou;続こう;1582
1589;ta;tsuzuita;続いた;1582
1590;provisional;tsuzukeba;続けば;1582
1591;negative_provisional;tsuzukanakereba;続かなければ;1582
1592;potential;tsuzukeru;続ける;1582
1593;negative_potential;tsuzukenai;続けない;1582
1596;te;hikatte;光って;1594
1597;masu;hikarimasu;光ります;1594
1598;nai;hikaranai;光らない;1594
1599;volitional;hikarou;光ろう;1594
1600;ta;hikatta;光った;1594
1601;provisional;hikareba;光れば;1594
1602;negative_provisional;hikaranakereba;光らなければ;1594
1603;potential;hikareru;光れる;1594
1604;negative_potential;hikarenai;光れない;1594
1607;te;mukatte;向かって;1605
1608;masu;mukaimasu;向かいます;1605
1609;nai;mukawanai;向かわない;1605
1610;volitional;mukaou;向かおう;1605
1611;ta;mukatta;向かった;1605
1612;provisional;mukaeba;向かえば;1605
1613;negative_provisional;mukawanakereba;向かわなければ;1605
1614;potential;mukaeru;向かえる;1605
1615;negative_potential;mukaenai;向かえない;1605
1618;te;agatte;上がって;1616
1619;masu;agarimasu;上がります;1616
1620;nai;agaranai;上がらない;1616
1621;volitional;agarou;上がろう;1616
1622;ta;agatta;上がった;1616
1623;provisional;agareba;上がれば;1616
1624;negative_provisional;agaranakereba;上がらなければ;1616
1625;potential;agareru;上がれる;1616
1626;negative_potential;agarenai;上がれない;1616
1629;te;mawatte;回って;1627
1630;masu;mawarimasu;回ります;1627
1631;nai;mawaranai;回らない;1627
1632;volitional;mawarou;回ろう;1627
1633;ta;mawatta;回った;1627
1634;provisional;mawareba;回れば;1627
1635;negative_provisional;mawaranakereba;回らなければ;1627
1636;potential;mawareru;回れる;1627
1637;negative_potential;mawarenai;回れない;1627
1640;te;norikaete;乗り換えて;1638
1641;masu;norikaemasu;乗り換えます;1638
1642;nai;norikaenai;乗り換えない;1638
1643;volitional;norikaeyou;乗り換えよう;1638
1644;ta;norikaeta;乗り換えた;1638
1645;provisional;norikaereba;乗り換えれば;1638
1646;negative_provisional;norikaenakereba;乗り換えなければ;1638
1647;potential;norikaerareru;乗り換えられる;1638
1648;negative_potential;norikaerarenai;乗り換えられない;1638
1652;te;wakashite;沸かして;1649
1653;masu;wakashimasu;沸かします;1649
1654;nai;wakasanai;沸かさない;1649
1655;volitional;wakasou;沸かそう;1649
1656;ta;wakashita;沸かした;1649
1657;provisional;wakaseba;沸かせば;1649
1658;negative_provisional;wakasanakereba;沸かさなければ;1649
1659;potential;wakaseru;沸かせる;1649
1660;negative_potential;wakasenai;沸かせない;1649
1663;te;susunde;進んで;1661
1664;masu;susumimasu;進みます;1661
1665;nai;susumanai;進まない;1661
1666;volitional;susumou;進もう;1661
1667;ta;susunda;進んだ;1661
1668;provisional;susumeba;進めば;1661
1669;negative_provisional;susumanakereba;進まなければ;1661
1670;potential;susumeru;進める;1661
1671;negative_potential;susumenai;進めない;1661
1675;te;miete;見えて;1672
1676;masu;miemasu;見えます;1672
1677;nai;mienai;見えない;1672
1678;volitional;mieyou;見えよう;1672
1679;ta;mieta;見えた;1672
1680;provisional;miereba;見えれば;1672
1681;negative_provisional;mienakereba;見えなければ;1672
1682;potential;mierareru;見えられる;1672
1683;negative_potential;mierarenai;見えられない;1672
1686;te;wakarete;別れて;1684
1687;masu;wakaremasu;別れます;1684
1688;nai;wakarenai;別れない;1684
1689;volitional;wakareyou;別れよう;1684
1690;ta;wakareta;別れた;1684
1691;provisional;wakarereba;別れれば;1684
1692;negative_provisional;wakarenakereba;別れなければ;1684
1693;potential;wakarerareru;別れられる;1684
1694;negative_potential;wakarerarenai;別れられない;1684
1697;te;taorete;倒れて;1695
1698;masu;taoremasu;倒れます;1695
1699;nai;taorenai;倒れない;1695
1700;volitional;taoreyou;倒れよう;1695
1701;ta;taoreta;倒れた;1695
1702;provisional;taorereba;倒れれば;1695
1703;negative_provisional;taorenakereba;倒れなければ;1695
1704;potential;taorerareru;倒れられる;1695
1705;negative_potential;taorerarenai;倒れられない;1695
1708;te;sawatte;触って;1706
1709;masu;sawarimasu;触ります;1706
1710;nai;sawaranai;触らない;1706
1711;volitional;sawarou;触ろう;1706
1712;ta;sawatta;触った;1706
1713;provisional;sawareba;触れば;1706
1714;negative_provisional;sawaranakereba;触らなければ;1706
1715;potential;sawareru;触れる;1706
1716;negative_potential;sawarenai;触れない;1706
1719;te;kimatte;決まって;1717
1720;masu;kimarimasu;決まります;1717
1721;nai;kimaranai;決まらない;1717
1722;volitional;kimarou;決まろう;1717
1723;ta;kimatta;決まった;1717
1724;provisional;kimareba;決まれば;1717
1725;negative_provisional;kimaranakereba;決まらなければ;1717
1726;potential;kimareru;決まれる;1717
1727;negative_potential;kimarenai;決まれない;1717
1730;te;tsutsunde;包んで;1728
1731;masu;tsutsumimasu;包みます;1728
1732;nai;tsutsumanai;包まない;1728
1733;volitional;tsutsumou;包もう;1728
1734;ta;tsutsunda;包んだ;1728
1735;provisional;tsutsumeba;包めば;1728
1736;negative_provisional;tsutsumanakereba;包まなければ;1728
1737;potential;tsutsumeru;包める;1728
1738;negative_potential;tsutsumenai;包めない;1728
1741;te;naite;泣いて;1739
1742;masu;nakimasu;泣きます;1739
1743;nai;nakanai;泣かない;1739
1744;volitional;nakou;泣こう;1739
1745;ta;naita;泣いた;1739
1746;provisional;nakeba;泣けば;1739
1747;negative_provisional;nakanakereba;泣かなければ;1739
1748;potential;nakeru;泣ける;1739
1749;negative_potential;nakenai;泣けない;1739
1752;te;tsutte;釣って;1750
1753;masu;tsurimasu;釣ります;1750
1754;nai;tsuranai;釣らない;1750
1755;volitional;tsurou;釣ろう;1750
1756;ta;tsutta;釣った;1750
1757;provisional;tsureba;釣れば;1750
1758;negative_provisional;tsuranakereba;釣らなければ;1750
1759;potential;tsureru;釣れる;1750
1760;negative_potential;tsurenai;釣れない;1750
1764;te;te;立てて;1761
1765;masu;masu;立てます;1761
1766;nai;nai;立てない;1761
1767;volitional;you;立てよう;1761
1768;ta;ta;立てた;1761
1769;provisional;taterueba;立てれば;1761
1770;negative_provisional;nakereba;立てなければ;1761
1771;potential;rareru;立てられる;1761
1772;negative_potential;rarenai;立てられない;1761
1775;te;yogorete;汚れて;1773
1776;masu;yogoremasu;汚れます;1773
1777;nai;yogorenai;汚れない;1773
1778;volitional;yogoreyou;汚れよう;1773
1779;ta;yogoreta;汚れた;1773
1780;provisional;yogorereba;汚れれば;1773
1781;negative_provisional;yogorenakereba;汚れなければ;1773
1782;potential;yogorerareru;汚れられる;1773
1783;negative_potential;yogorerarenai;汚れられない;1773
1787;te;yaite;焼いて;1784
1788;masu;yakimasu;焼きます;1784
1789;nai;yakanai;焼かない;1784
1790;volitional;yakou;焼こう;1784
1791;ta;yaita;焼いた;1784
1792;provisional;yakeba;焼けば;1784
1793;negative_provisional;yakanakereba;焼かなければ;1784
1794;potential;yakeru;焼ける;1784
1795;negative_potential;yakenai;焼けない;1784
1799;te;nakunatte;無くなって;1796
1800;masu;nakunarimasu;無くなります;1796
1801;nai;nakunaranai;無くならない;1796
1802;volitional;nakunarou;無くなろう;1796
1803;ta;nakunatta;無くなった;1796
1804;provisional;nakunareba;無くなれば;1796
1805;negative_provisional;nakunaranakereba;無くならなければ;1796
1806;potential;nakunareru;無くなれる;1796
1807;negative_potential;nakunarenai;無くなれない;1796
1811;te;sawaide;騒いで;1808
1812;masu;sawagimasu;騒ぎます;1808
1813;nai;sawaganai;騒がない;1808
1814;volitional;sawagou;騒ご;1808
1815;ta;sawaida;騒いだ;1808
1816;provisional;sawageba;騒げば;1808
1817;negative_provisional;sawaganakereba;騒がなければ;1808
1818;potential;sawageru;騒げる;1808
1819;negative_potential;sawagenai;騒げない;1808
1822;te;makete;負けて;1820
1823;masu;makemasu;負けます;1820
1824;nai;makenai;負けない;1820
1825;volitional;makeyou;負けよう;1820
1826;ta;maketa;負けた;1820
1827;provisional;makereba;負ければ;1820
1828;negative_provisional;makenakereba;負けなければ;1820
1829;potential;makerareru;負けられる;1820
1830;negative_potential;makerarenai;負けられない;1820
1833;te;narete;慣れて;1831
1834;masu;naremasu;慣れます;1831
1835;nai;narenai;慣れない;1831
1836;volitional;nareyou;慣れよう;1831
1837;ta;nareta;慣れた;1831
1838;provisional;narereba;慣れれば;1831
1839;negative_provisional;narenakereba;慣れなければ;1831
1840;potential;narerareru;慣れられる;1831
1841;negative_potential;narerarenai;慣れられない;1831
1844;te;machigaete;間違えて;1842
1845;masu;machigaemasu;間違えます;1842
1846;nai;machigaenai;間違えない;1842
1847;volitional;machigaeyou;間違えよう;1842
1848;ta;machigaeta;間違えた;1842
1849;provisional;machigaereba;間違えれば;1842
1850;negative_provisional;machigaenakereba;間違えなければ;1842
1851;potential;machigaerareru;間違えられる;1842
1852;negative_potential;machigaerarenai;間違えられない;1842
1855;te;e;手伝って;1853
1856;masu;tetsudauimasu;手伝います;1853
1857;nai;tetsudauanai;手伝わない;1853
1858;volitional;tetsudauou;手伝おう;1853
1859;ta;;手伝った;1853
1860;provisional;tetsudaueba;手伝えば;1853
1861;negative_provisional;tetsudauanakereba;手伝わなければ;1853
1862;potential;tetsudaueru;手伝える;1853
1863;negative_potential;tetsudauenai;手伝えない;1853
1866;te;todokete;届けて;1864
1867;masu;todokemasu;届けます;1864
1868;nai;todokenai;届けない;1864
1869;volitional;todokeyou;届けよう;1864
1870;ta;todoketa;届けた;1864
1871;provisional;todokereba;届ければ;1864
1872;negative_provisional;todokenakereba;届けなければ;1864
1873;potential;todokerareru;届けられる;1864
1874;negative_potential;todokerarenai;届けられない;1864
1877;te;totte;通って;1875
1878;masu;torimasu;通ります;1875
1879;nai;toranai;通らない;1875
1880;volitional;torou;通ろう;1875
1881;ta;totta;通った;1875
1882;provisional;toreba;通れば;1875
1883;negative_provisional;toranakereba;通らなければ;1875
1884;potential;toreru;通れる;1875
1885;negative_potential;torenai;通れない;1875
1888;te;hajimete;始めて;1886
1889;masu;hajimemasu;始めます;1886
1890;nai;hajimenai;始めない;1886
1891;volitional;hajimeyou;始めよう;1886
1892;ta;hajimeta;始めた;1886
1893;provisional;hajimereba;始めれば;1886
1894;negative_provisional;hajimenakereba;始めなければ;1886
1895;potential;hajimerareru;始められる;1886
1896;negative_potential;hajimerarenai;始められない;1886
1899;te;nurete;濡れて;1897
1900;masu;nuremasu;濡れます;1897
1901;nai;nurenai;濡れない;1897
1902;volitional;nureyou;濡れよう;1897
1903;ta;nureta;濡れた;1897
1904;provisional;nurereba;濡れれば;1897
1905;negative_provisional;nurenakereba;濡れなければ;1897
1906;potential;nurerareru;濡れられる;1897
1907;negative_potential;nurerarenai;濡れられない;1897
1911;te;maitte;参って;1908
1912;masu;mairimasu;参ります;1908
1913;nai;mairanai;参らない;1908
1914;volitional;mairou;参ろう;1908
1915;ta;maitta;参った;1908
1916;provisional;maireba;参れば;1908
1917;negative_provisional;mairanakereba;参らなければ;1908
1918;potential;maireru;参れる;1908
1919;negative_potential;mairenai;参れない;1908
1922;te;nusunde;盗んで;1920
1923;masu;nusumimasu;盗みます;1920
1924;nai;nusumanai;盗まない;1920
1925;volitional;nusumou;盗もう;1920
1926;ta;nusunda;盗んだ;1920
1927;provisional;nusumeba;盗めば;1920
1928;negative_provisional;nusumanakereba;盗まなければ;1920
1929;potential;nusumeru;盗める;1920
1930;negative_potential;nusumenai;盗めない;1920
